key,asu_sea,cde_sea,enc_sea,pjc_sea,snt_sea,iqq_sea,lpz_sea,scz_sea,bue_sea,asu_air,cde_air,enc_air,pjc_air,snt_air,iqq_air,lpz_air,scz_air,bue_air
default,要確認,要確認,要確認,要確認,要確認,要確認,要確認,要確認,要確認,要確認,要確認,要確認,要確認,要確認,要確認,要確認,要確認,要確認
motor,700,700,600,700,要確認,要確認,要確認,要確認,要確認,発送不可,発送不可,発送不可,発送不可,発送不可,発送不可,発送不可,発送不可,発送不可
llantas,340,340,300,340,要確認,要確認,要確認,要確認,要確認,発送不可,発送不可,発送不可,発送不可,発送不可,発送不可,発送不可,発送不可,発送不可
ll16,340,340,300,340,要確認,要確認,要確認,要確認,要確認,発送不可,発送不可,発送不可,発送不可,発送不可,発送不可,発送不可,発送不可,発送不可
ll17,340,340,300,340,要確認,要確認,要確認,要確認,要確認,発送不可,発送不可,発送不可,発送不可,発送不可,発送不可,発送不可,発送不可,発送不可
ll18,340,340,300,340,要確認,要確認,要確認,要確認,要確認,発送不可,発送不可,発送不可,発送不可,発送不可,発送不可,発送不可,発送不可,発送不可
aros,340,340,300,340,要確認,要確認,要確認,要確認,要確認,発送不可,発送不可,発送不可,発送不可,発送不可,発送不可,発送不可,発送不可,発送不可
ar16,340,340,300,340,要確認,要確認,要確認,要確認,要確認,発送不可,発送不可,発送不可,発送不可,発送不可,発送不可,発送不可,発送不可,発送不可
ar17,340,340,300,340,要確認,要確認,要確認,要確認,要確認,発送不可,発送不可,発送不可,発送不可,発送不可,発送不可,発送不可,発送不可,発送不可
ar18,340,340,300,340,要確認,要確認,要確認,要確認,要確認,発送不可,発送不可,発送不可,発送不可,発送不可,発送不可,発送不可,発送不可,発送不可
suspension,要確認,要確認,要確認,要確認,要確認,要確認,要確認,要確認,要確認,発送不可,発送不可,発送不可,発送不可,発送不可,発送不可,発送不可,発送不可,発送不可
asiento,要確認,要確認,要確認,要確認,要確認,要確認,要確認,要確認,要確認,発送不可,発送不可,発送不可,発送不可,発送不可,発送不可,発送不可,発送不可,発送不可
barras,要確認,要確認,要確認,要確認,要確認,要確認,要確認,要確認,要確認,発送不可,発送不可,発送不可,発送不可,発送不可,発送不可,発送不可,発送不可,発送不可
freno,要確認,要確認,要確認,要確認,要確認,要確認,要確認,要確認,要確認,発送不可,発送不可,発送不可,発送不可,発送不可,発送不可,発送不可,発送不可,発送不可
caraudio,要確認,要確認,要確認,要確認,要確認,要確認,要確認,要確認,要確認,発送不可,発送不可,発送不可,発送不可,発送不可,発送不可,発送不可,発送不可,要確認
reproductor,要確認,要確認,要確認,要確認,要確認,要確認,要確認,要確認,要確認,発送不可,発送不可,発送不可,発送不可,発送不可,発送不可,発送不可,発送不可,要確認
amplificador,要確認,要確認,要確認,要確認,要確認,要確認,要確認,要確認,要確認,発送不可,発送不可,発送不可,発送不可,発送不可,発送不可,発送不可,発送不可,要確認
subwoofer,要確認,要確認,要確認,要確認,要確認,要確認,要確認,要確認,要確認,発送不可,発送不可,発送不可,発送不可,発送不可,発送不可,発送不可,発送不可,要確認
altavoz,要確認,要確認,要確認,要確認,要確認,要確認,要確認,要確認,要確認,発送不可,発送不可,発送不可,発送不可,発送不可,発送不可,発送不可,発送不可,要確認
supra,要確認,要確認,要確認,要確認,要確認,要確認,要確認,要確認,要確認,発送不可,発送不可,発送不可,発送不可,発送不可,発送不可,発送不可,発送不可,発送不可
skyline,要確認,要確認,要確認,要確認,要確認,要確認,要確認,要確認,要確認,発送不可,発送不可,発送不可,発送不可,発送不可,発送不可,発送不可,発送不可,発送不可
lancer,要確認,要確認,要確認,要確認,要確認,要確認,要確認,要確認,要確認,発送不可,発送不可,発送不可,発送不可,発送不可,発送不可,発送不可,発送不可,発送不可
rx7,要確認,要確認,要確認,要確認,要確認,要確認,要確認,要確認,要確認,発送不可,発送不可,発送不可,発送不可,発送不可,発送不可,発送不可,発送不可,発送不可
silvia,要確認,要確認,要確認,要確認,要確認,要確認,要確認,要確認,要確認,発送不可,発送不可,発送不可,発送不可,発送不可,発送不可,発送不可,発送不可,発送不可
impreza,要確認,要確認,要確認,要確認,要確認,要確認,要確認,要確認,要確認,発送不可,発送不可,発送不可,発送不可,発送不可,発送不可,発送不可,発送不可,発送不可
desarme,要確認,要確認,要確認,要確認,要確認,要確認,要確認,要確認,要確認,発送不可,発送不可,発送不可,発送不可,発送不可,発送不可,発送不可,発送不可,発送不可
moto,要確認,要確認,要確認,要確認,要確認,要確認,要確認,要確認,要確認,発送不可,発送不可,発送不可,発送不可,発送不可,発送不可,発送不可,発送不可,発送不可
bicicleta,要確認,要確認,要確認,要確認,要確認,要確認,要確認,要確認,要確認,発送不可,発送不可,発送不可,発送不可,発送不可,発送不可,発送不可,発送不可,発送不可
nike_men_shoes,要確認,要確認,要確認,要確認,要確認,要確認,要確認,要確認,要確認,要確認,要確認,要確認,要確認,要確認,要確認,要確認,要確認,要確認
nike_men_clothing,要確認,要確認,要確認,要確認,要確認,要確認,要確認,要確認,要確認,要確認,要確認,要確認,要確認,要確認,要確認,要確認,要確認,要確認
nike_women_shoes,要確認,要確認,要確認,要確認,要確認,要確認,要確認,要確認,要確認,要確認,要確認,要確認,要確認,要確認,要確認,要確認,要確認,要確認
nike_women_clothing,要確認,要確認,要確認,要確認,要確認,要確認,要確認,要確認,要確認,要確認,要確認,要確認,要確認,要確認,要確認,要確認,要確認,要確認
adidas_men_shoes,要確認,要確認,要確認,要確認,要確認,要確認,要確認,要確認,要確認,要確認,要確認,要確認,要確認,要確認,要確認,要確認,要確認,要確認
adidas_men_clothing,要確認,要確認,要確認,要確認,要確認,要確認,要確認,要確認,要確認,要確認,要確認,要確認,要確認,要確認,要確認,要確認,要確認,要確認
adidas_women_shoes,要確認,要確認,要確認,要確認,要確認,要確認,要確認,要確認,要確認,要確認,要確認,要確認,要確認,要確認,要確認,要確認,要確認,要確認
adidas_women_clothing,要確認,要確認,要確認,要確認,要確認,要確認,要確認,要確認,要確認,要確認,要確認,要確認,要確認,要確認,要確認,要確認,要確認,要確認
nb_men_shoes,要確認,要確認,要確認,要確認,要確認,要確認,要確認,要確認,要確認,要確認,要確認,要確認,要確認,要確認,要確認,要確認,要確認,要確認
nb_men_clothing,要確認,要確認,要確認,要確認,要確認,要確認,要確認,要確認,要確認,要確認,要確認,要確認,要確認,要確認,要確認,要確認,要確認,要確認
nb_women_shoes,要確認,要確認,要確認,要確認,要確認,要確認,要確認,要確認,要確認,要確認,要確認,要確認,要確認,要確認,要確認,要確認,要確認,要確認
nb_women_clothing,要確認,要確認,要確認,要確認,要確認,要確認,要確認,要確認,要確認,要確認,要確認,要確認,要確認,要確認,要確認,要確認,要確認,要確認
ape,要確認,要確認,要確認,要確認,要確認,要確認,要確認,要確認,要確認,要確認,要確認,要確認,要確認,要確認,要確認,要確認,要確認,要確認
abercrombie,要確認,要確認,要確認,要確認,要確認,要確認,要確認,要確認,要確認,要確認,要確認,要確認,要確認,要確認,要確認,要確認,要確認,要確認
converse,要確認,要確認,要確認,要確認,要確認,要確認,要確認,要確認,要確認,要確認,要確認,要確認,要確認,要確認,要確認,要確認,要確認,要確認
diesel,要確認,要確認,要確認,要確認,要確認,要確認,要確認,要確認,要確認,要確認,要確認,要確認,要確認,要確認,要確認,要確認,要確認,要確認
gap,要確認,要確認,要確認,要確認,要確認,要確認,要確認,要確認,要確認,要確認,要確認,要確認,要確認,要確認,要確認,要確認,要確認,要確認
lacoste,要確認,要確認,要確認,要確認,要確認,要確認,要確認,要確認,要確認,要確認,要確認,要確認,要確認,要確認,要確認,要確認,要確認,要確認
michaelkors,要確認,要確認,要確認,要確認,要確認,要確認,要確認,要確認,要確認,要確認,要確認,要確認,要確認,要確認,要確認,要確認,要確認,要確認
puma,要確認,要確認,要確認,要確認,要確認,要確認,要確認,要確認,要確認,要確認,要確認,要確認,要確認,要確認,要確認,要確認,要確認,要確認
tommyhilfiger,要確認,要確認,要確認,要確認,要確認,要確認,要確認,要確認,要確認,要確認,要確認,要確認,要確認,要確認,要確認,要確認,要確認,要確認
uniqlo,要確認,要確認,要確認,要確認,要確認,要確認,要確認,要確認,要確認,要確認,要確認,要確認,要確認,要確認,要確認,要確認,要確認,要確認
vans,要確認,要確認,要確認,要確認,要確認,要確認,要確認,要確認,要確認,要確認,要確認,要確認,要確認,要確認,要確認,要確認,要確認,要確認
zara,要確認,要確認,要確認,要確認,要確認,要確認,要確認,要確認,要確認,要確認,要確認,要確認,要確認,要確認,要確認,要確認,要確認,要確認
casio,要確認,要確認,要確認,要確認,要確認,要確認,要確認,要確認,要確認,要確認,要確認,要確認,要確認,要確認,要確認,要確認,要確認,要確認
seiko,要確認,要確認,要確認,要確認,要確認,要確認,要確認,要確認,要確認,要確認,要確認,要確認,要確認,要確認,要確認,要確認,要確認,要確認
citizen,要確認,要確認,要確認,要確認,要確認,要確認,要確認,要確認,要確認,要確認,要確認,要確認,要確認,要確認,要確認,要確認,要確認,要確認
spikes,要確認,要確認,要確認,要確認,要確認,要確認,要確認,要確認,要確認,要確認,要確認,要確認,要確認,要確認,要確認,要確認,要確認,要確認
training,要確認,要確認,要確認,要確認,要確認,要確認,要確認,要確認,要確認,要確認,要確認,要確認,要確認,要確認,要確認,要確認,要確認,要確認
futsal,要確認,要確認,要確認,要確認,要確認,要確認,要確認,要確認,要確認,要確認,要確認,要確認,要確認,要確認,要確認,要確認,要確認,要確認
running_men_shoes,要確認,要確認,要確認,要確認,要確認,要確認,要確認,要確認,要確認,要確認,要確認,要確認,要確認,要確認,要確認,要確認,要確認,要確認
running_men_clothing,要確認,要確認,要確認,要確認,要確認,要確認,要確認,要確認,要確認,要確認,要確認,要確認,要確認,要確認,要確認,要確認,要確認,要確認
running_women_shoes,要確認,要確認,要確認,要確認,要確認,要確認,要確認,要確認,要確認,要確認,要確認,要確認,要確認,要確認,要確認,要確認,要確認,要確認
running_women_clothing,要確認,要確認,要確認,要確認,要確認,要確認,要確認,要確認,要確認,要確認,要確認,要確認,要確認,要確認,要確認,要確認,要確認,要確認
camping,要確認,要確認,要確認,要確認,要確認,要確認,要確認,要確認,要確認,要確認,要確認,要確認,要確認,要確認,要確認,要確認,要確認,要確認
pesca,要確認,要確認,要確認,要確認,要確認,要確認,要確認,要確認,要確認,要確認,要確認,要確認,要確認,要確認,要確認,要確認,要確認,要確認
rc_engine,要確認,要確認,要確認,要確認,要確認,要確認,要確認,要確認,要確認,要確認,要確認,要確認,要確認,要確認,要確認,要確認,要確認,要確認
rc_electric,要確認,要確認,要確認,要確認,要確認,要確認,要確認,要確認,要確認,要確認,要確認,要確認,要確認,要確認,要確認,要確認,要確認,要確認
gundam,要確認,要確認,要確認,要確認,要確認,要確認,要確認,要確認,要確認,要確認,要確認,要確認,要確認,要確認,要確認,要確認,要確認,要確認
onepiece,要確認,要確認,要確認,要確認,要確認,要確認,要確認,要確認,要確認,要確認,要確認,要確認,要確認,要確認,要確認,要確認,要確認,要確認
miku,要確認,要確認,要確認,要確認,要確認,要確認,要確認,要確認,要確認,要確認,要確認,要確認,要確認,要確認,要確認,要確認,要確認,要確認
madoka,要確認,要確認,要確認,要確認,要確認,要確認,要確認,要確認,要確認,要確認,要確認,要確認,要確認,要確認,要確認,要確認,要確認,要確認
dragonball,要確認,要確認,要確認,要確認,要確認,要確認,要確認,要確認,要確認,要確認,要確認,要確認,要確認,要確認,要確認,要確認,要確認,要確認
nendoroid,要確認,要確認,要確認,要確認,要確認,要確認,要確認,要確認,要確認,要確認,要確認,要確認,要確認,要確認,要確認,要確認,要確認,要確認
iphone,要確認,要確認,要確認,要確認,要確認,要確認,要確認,要確認,要確認,要確認,要確認,要確認,要確認,要確認,要確認,要確認,要確認,要確認
ipad,要確認,要確認,要確認,要確認,要確認,要確認,要確認,要確認,要確認,要確認,要確認,要確認,要確認,要確認,要確認,要確認,要確認,要確認
smartwatch,要確認,要確認,要確認,要確認,要確認,要確認,要確認,要確認,要確認,要確認,要確認,要確認,要確認,要確認,要確認,要確認,要確認,要確認
cpu,要確認,要確認,要確認,要確認,要確認,要確認,要確認,要確認,要確認,要確認,要確認,要確認,要確認,要確認,要確認,要確認,要確認,要確認
memory,要確認,要確認,要確認,要確認,要確認,要確認,要確認,要確認,要確認,要確認,要確認,要確認,要確認,要確認,要確認,要確認,要確認,要確認
gpu,要確認,要確認,要確認,要確認,要確認,要確認,要確認,要確認,要確認,要確認,要確認,要確認,要確認,要確認,要確認,要確認,要確認,要確認
dslr,要確認,要確認,要確認,要確認,要確認,要確認,要確認,要確認,要確認,要確認,要確認,要確認,要確認,要確認,要確認,要確認,要確認,要確認
mirrorless,要確認,要確認,要確認,要確認,要確認,要確認,要確認,要確認,要確認,要確認,要確認,要確認,要確認,要確認,要確認,要確認,要確認,要確認
compact_digital,要確認,要確認,要確認,要確認,要確認,要確認,要確認,要確認,要確認,要確認,要確認,要確認,要確認,要確認,要確認,要確認,要確認,要確認
lens,要確認,要確認,要確認,要確認,要確認,要確認,要確認,要確認,要確認,要確認,要確認,要確認,要確認,要確認,要確認,要確認,要確認,要確認
guitarra,要確認,要確認,要確認,要確認,要確認,要確認,要確認,要確認,要確認,要確認,要確認,要確認,要確認,要確認,要確認,要確認,要確認,要確認
bajo,要確認,要確認,要確認,要確認,要確認,要確認,要確認,要確認,要確認,要確認,要確認,要確認,要確認,要確認,要確認,要確認,要確認,要確認
viento,要確認,要確認,要確認,要確認,要確認,要確認,要確認,要確認,要確認,要確認,要確認,要確認,要確認,要確認,要確認,要確認,要確認,要確認
dj,要確認,要確認,要確認,要確認,要確認,要確認,要確認,要確認,要確認,要確認,要確認,要確認,要確認,要確認,要確認,要確認,要確認,要確認
washlet,要確認,要確認,要確認,要確認,要確認,要確認,要確認,要確認,要確認,要確認,要確認,要確認,要確認,要確認,要確認,要確認,要確認,要確認
